Yulun,Li,yulunl3@uci.edu
Victoria,Lloyd,valloyd1005@gmail.com
Shuang Yu,Liu,liushy@ihep.ac.cn
Kenta,Terauchi,terauchi.kenta.74s@st.kyoto-u.ac.jp
Susan,Born,subo@umich.edu
Luis,Villa,luis_villa@msn.com
Ankit,Agrawal,aka895@gmail.com
Jacqueline,Haddenham,jacqueline.hsiang@gmail.com
Kirutiga,Srikanda Prabanna Balan,kirutiga@utexas.edu
Nyadru,Nassur,nasluv42@gmail.com
Dhanurdhar,Bajpai,dhanurdhar.bajpai@niser.ac.in